nss,nama_sekolah,jenjang,Perpustakaan,Mushala,WC Guru,WC Siswa,Taman,Kantin,Lab,Ruang UKS
2066102004,TK YKA,TK,1,,7,3,,,,
2066109081,TK UNIDA,TK,,,2,1,,,,1
2066203077,TK Salsabila Kota Banda Aceh,TK,1,,1,1,,,,
2066108064,TK Raudhatul Jannah,TK,1,,2,6,,,,2
2066103074,TK Putroe Jihan-1,TK,,,1,1,,,,
2066108067,TK Putri Harapan,TK,,,1,1,,,,
2066106049,TK Poteumeureuhom,TK,,,2,1,,,,
2066108062,TK Pertiwi Setda Aceh,TK,,,2,1,,,,1
2066104078,TK Permata Sunnah,TK,,,1,1,,,,
2066103075,TK Permata Hati,TK,1,,1,1,,,,1
2066109063,TK Permata Bunda,TK,,,1,,,,,
2066103028,TK Perkib,TK,,,1,,,,,
2066102006,TK Pemda Kota Banda Aceh,TK,1,,2,,,,,
2066104042,TK Nurul Iman,TK,,,,1,,,,
2066109080,TK Nuri,TK,1,,1,1,,,,1
2066105047,TK Nur Annisa,TK,,,1,1,,,,
2066101001,TK Negeri I Pembina,TK,,,1,1,,,,
2066103015,TK Negeri 4 Banda Aceh,TK,,,1,1,,,,
2066103029,TK Negeri 3 Banda Aceh,TK,,,,3,,,,1
2066107071,TK Negeri 2 Banda Aceh,TK,,,,4,,,,
2066108066,TK My Dream School,TK,1,,2,1,,,,1
2066103027,TK Muskana,TK,,,1,1,,,,
2066109064,TK Meunara Pancasila,TK,,,1,,,,,
2066103026,TK Methodist Banda Aceh,TK,1,,4,1,,,,1
2066106048,TK Mawar Indah,TK,,,,,,,,
2066102078,TK Latifa,TK,,,1,,,,,
2066108065,TK Khalifah 48,TK,1,,1,1,,,,1
2066109065,TK Kemala Bhayangkari,TK,1,,4,2,,,,1
2066103025,TK Katolik Budi Darma,TK,,,4,1,,,,1
2066103022,TK Karyawan Kota Baru,TK,,,3,2,,,,
2066108063,TK Kartika XIV-12,TK,,,1,1,,,,1
2066102007,TK Kartika XIV-11,TK,1,,10,1,,,,1
2066109079,TK Karakter SBB Anak Sholeh,TK,,,1,1,,,,
2066101003,TK IT Syeikh Abdurrauf,TK,1,,,,,,,
2066106069,TK IT Suloh,TK,1,,1,1,,,,
2066109067,TK IT Subulussalam,TK,,,2,,,,,
2066106078,TK IT Mon Kuta,TK,1,,1,1,,,,
2066106079,TK IT Insan Madani,TK,1,,1,1,,,,
2066106076,TK IT Baitussalihin,TK,1,,1,1,,,,
2066103031,TK IT AR Rahmah,TK,,,2,1,,,,
2066109081,TK IT Anak Negeri,TK,,,1,1,,,,
2066108060,TK IT Aminah,TK,,,2,1,,,,
2066107080,TK IT Al Jannah - 2,TK,,,2,1,,,,
2066107054,TK IT Al Jannah - 1,TK,,,1,,,,,
2066104033,TK IT Al Azhar,TK,,,5,2,,,,1
2066103021,TK IT Al Abraar,TK,,,2,,,,,
2066104038,TK IKAL Dolog,TK,,,1,1,,,,
2066103024,TK Gaseh Poma,TK,,,3,1,,,,1
2066109084,TK Gaseh Mulia - 2,TK,,,1,1,,,,
2066104037,TK FKIP Unsyiah,TK,,,2,,,,,
2066102008,TK Cut Meutia,TK,,,3,,,,,1
2066104081,TK Cinta Ananda,TK,1,,1,1,,,,1
2066109082,TK Cahaya Meunara,TK,,,4,,,,,1
2266102009,TK Bungong Teratai,TK,1,,2,2,,,,1
2066104036,TK Bungong Seuleupok,TK,,,5,2,,,,
2066103018,TK Beurawe,TK,,,1,,,,,
2066106077,TK Barur Rahman Ceurih,TK,,,1,1,,,,
2066108059,TK Assyifa,TK,1,,1,1,,,,1
2066103017,TK Arifa ,TK,1,,2,3,,,,1
2066104035,TK Anzib Lamnyong,TK,,,1,,,,,
2066108058,TK Ananda,TK,,,,1,,,,
2066105044,TK Alifba.I  Iskandar Muda,TK,,,2,1,,,,
2066103016,TK Al Wasliyah Lamdingin,TK,,,1,1,,,,1
2066104034,TK Al Wasliyah Alue Naga,TK,,,,,,,,
2066104082,TK Al Munawarah,TK,,,,1,,,,
2066102075,TK Al Mubaraq,TK,,,,1,,,,1
2066104079,TK Al Kawanad,TK,,,,1,,,,
2066108061,TK Al Ikhlas,TK,,,,1,,,,
2066105043,TK Al Hidayah/ Tgk Di Anjong,TK,,,1,1,,,,
2066109083,TK Al Azmi,TK,,,3,1,,,,
2066105046,TK Al Akhyar,TK,,,1,1,,,,
2066102010,TK Aisyiyah Sukaramai,TK,,,1,1,,,,
2066105042,TK Aisyiyah Merduati,TK,,,1,1,,,,
2066108057,TK Aisyiyah Lhong Raya,TK,,,,1,,,,
2066106051,TK Aisyiyah Lamteh,TK,,,1,1,,,,
2066109068,TK Aisyiyah Deah Baro,TK,,,1,1,,,,
2260106050,TK Aisyiyah Ceurih Ulee Kareng,TK,1,,5,1,,,,
2066107073,TK Aisyiyah Batoh,TK,,,1,1,,,,
2066103014,TK Adhyaksa 14 Banda Aceh,TK,1,,1,1,,,,
2066102076,TK  Bait Qurani Saleh Rahmany,TK,1,,4,8,,,,1
2066102011,RA Zurriyatus Sakinah,RA,,,,1,,,,
2066103032,RA Perwanida Banda Aceh,RA,1,,3,1,,,,
2066104077,RA Fathun Qarib,RA,,,1,1,,,,
2066109083,RA Al Mahira,RA,,,1,,,,,
2066104041,RA Al Ikhsan,RA,,,1,,,,,
2066102012,RA  Indah Sari,RA,,,1,2,,,,
2066107056,RA Al Muslimat,RA,,,2,,,,,
101066101002,SD Negeri 2,SD,1,1,2,3,1,,,1
101066101007,SD Negeri 7 ,SD,1,1,1,1,1,,,1
101066101013,SD Negeri 13 ,SD,1,1,1,2,1,,,
101066101021,SD Negeri 21,SD,,,4,,,,,
101066101023,SD Negeri 23,SD,1,1,3,3,1,,,
101066101031,SD Negeri 31,SD,1,1,3,2,1,,,
101066101048,SD Negeri 48,SD,1,1,3,2,,,,
101066101049,SD Negeri 49 ,SD,1,1,2,12,1,,,1
101066171038,SD Negeri 38,SD,1,1,1,1,1,,,
101066102003,SD Negeri 3 ,SD,1,1,3,18,1,,1,1
101066102005,SD Negeri 5 ,SD,1,1,2,7,1,,1,1
101066102012,SD Negeri 12 ,SD,1,1,4,8,1,,,1
101066102022,SD Negeri 22 ,SD,1,,1,5,1,,,1
101066102029,SD Negeri 29 ,SD,1,1,3,4,1,,,1
101066102030,SD Negeri 30,SD,1,,1,2,,,,1
101066102033,SD Negeri 33,SD,1,1,1,3,1,,1,1
101066102034,SD Negeri 34 ,SD,1,1,5,6,,,,1
101066102040,SD Negeri 40 ,SD,1,,1,2,,,,
101066102043,SD Negeri 43 ,SD,1,1,1,3,,,,1
101066102064,SD Negeri 64 ,SD,1,1,1,10,,,,1
101166102074,SD KARTIKA XIV-12,SD,1,1,2,4,1,,,
102006102077,SD MUHAMMADIYAH 2,SD,1,1,2,2,,,,
102066102076,SD KARYA BUDI,SD,1,,4,8,1,,1,
101066103004,SD Negeri 4 ,SD,1,,2,6,1,,,
101066103020,SD Negeri 20,SD,1,1,3,6,1,,,1
101066103024,SD Negeri 24 ,SD,1,,4,6,2,,,1
101066103025,SD Negeri 25,SD,1,,1,5,1,,,1
101066103027,SD Negeri 27,SD,1,1,3,2,1,,,1
101066103028,SD Negeri 28,SD,,1,2,6,,,,
101066103032,SD Negeri 32,SD,1,,1,3,2,,,1
101066103035,SD Negeri 35 ,SD,1,,1,4,1,,,1
101066103036,SD Negeri 36 ,SD,1,,1,12,1,,,1
101066103041,SD Negeri 41 ,SD,1,,1,2,1,,,
101066103045,SD Negeri 45,SD,1,,1,9,,,,
101066103065,SD Negeri 65 ,SD,1,1,2,5,1,,,1
102066103073,SD KARTIKA XIV-11 ,SD,1,1,3,6,1,,,1
102066103075,SD METHODIST,SD,1,1,2,9,2,,1,1
101066104015,SD Negeri 15,SD,,1,2,5,,,1,1
101066104016,SD Negeri 16 ,SD,1,1,1,8,5,,,1
101066104019,SD Negeri 19 ,SD,1,,1,1,2,,,1
101066104054,SD Negeri 54 ,SD,,1,2,8,2,,1,1
101066104055,SD Negeri 55,SD,,1,2,9,,,,
101066104057,SD Negeri 57 ,SD,1,1,1,2,1,,,1
101066104058,SD Negeri 58,SD,1,,1,1,,,,1
101066104061,SD Negeri 61 ,SD,1,,1,1,,,,1
101066104068,SD Negeri  68 ,SD,1,,3,,1,,,
101066104069,SD Negeri 69 ,SD,1,1,1,3,1,,,1
101066104080,SD IT AL AZHAR ,SD,2,1,1,9,1,,1,2
101066105046,SD Negeri 46 ,SD,1,1,2,2,,,,
102066104081,SD T.NYAK ARIF FATIH BILINGUAL SCHOOL,SD,1,1,2,4,1,,1,1
101066105001,SD Negeri 1 ,SD,1,1,1,8,,,1,1
101066105008,SD Negeri 8 ,SD,1,,,3,1,,,1
101066105017,SD Negeri 17,SD,1,1,1,4,1,,,1
101066105070,SD Negeri 70 ,SD,1,1,2,2,,,,
101088105006,SD Negeri 6,SD,1,,1,2,,,,
102066105072,SD MUHAMMADIYAH 1 ,SD,1,,1,18,1,,,1
101061106011,SD Negeri 11 ,SD,1,1,1,10,1,,,1
101066103079,SDIT NURUL ISHLAH ,SD,1,1,4,4,1,,,1
101066106014,SD Negeri 14 ,SD,,,3,5,,,,1
101066106042,SD Negeri 42 ,SD,,,1,1,,,,
101066106044,SD Negeri 44 ,SD,,,,4,,,,
101066106056,SD Negeri 56 ,SD,1,,1,4,,,,1
101066106066,SD Negeri 66 ,SD,1,,3,4,,,,1
101066107010,SD Negeri 10,SD,1,1,2,2,1,,,1
101066107053,SD Negeri 53 ,SD,1,,1,5,,,,1
101066107060,SD Negeri 60,SD,1,1,1,1,1,,,1
101066107062,SD Negeri 62 ,SD,1,,2,8,1,,,1
101066101047,SD Negeri 47,SD,1,,1,4,,,,
101066108050,SD Negeri 50 ,SD,1,,1,5,1,,,1
101066108052,SD Negeri 52 ,SD,1,1,3,6,,,,1
101066108063,SD Negeri 63 ,SD,1,,1,2,,,,1
101066108067,SD Negeri 67 ,SD,1,1,4,20,2,,,1
101066108071,SD Negeri 71 ,SD,1,,1,2,,,,1
102066101030,SD FATIH BILINGUAL SCHOOL,SD,1,1,1,12,3,,1,1
102066108072,SD BUNGA MATAHARI INT SCHOOL,SD,1,1,2,4,3,,,
101066109009,SD Negeri 9 ,SD,1,1,1,2,1,,,
101066109018,SD Negeri 18,SD,1,1,4,2,2,,,1
101066109026,SD Negeri 26,SD,1,,2,2,,,,1
101066109037,SD Negeri 37 ,SD,1,1,1,1,1,,,1
101066109039,SD Negeri 39 ,SD,1,,1,3,,,,1
101066109051,SD Negeri 51 ,SD,1,1,1,8,1,,,
101066109059,SD Negeri 59  ,SD,1,1,1,2,,,,
102066109078,SD KEMALA BHAYANGKARI ,SD,1,,2,2,1,,,
111117102001,MIN Mesjid Raya,MI,1,1,2,6,1,,,
111117102003,MIN Seutui,MI,1,,1,2,1,,,1
111117003005,MIN Model Banda Aceh,MI,1,1,1,8,2,,1,1
111117103004,MIN Merduati,MI,1,,3,12,1,,,1
111117104011,MIN Rukoh,MI,1,,2,3,,,,
112117104012,MIS Lamgugob,MI,1,1,1,3,,,,1
111117101041,MIN Lambhuk,MI,1,,1,,,,,
111117104006,MIN Ulee Kareng ,MI,1,,3,6,1,,,1
111117102002,MIN Sukadamai,MI,1,1,1,4,,,,
111211712003,MIT Al-Jannah,MI,,,,1,1,,,
111117101008,MIN Lhong Raya ,MI,1,,7,10,,,,
111117101009,MIN Ulee Lheue ,MI,1,,,,1,,,1
111117101013,MIN Teladan,MI,1,1,4,4,1,,,
111211711002,MIT Daarut Tahfizh Al-Ikhlas,MI,,1,1,1,1,,,
201066101005,SMP Negeri 5 ,SMP,,,2,4,,,2,
201066101011,SMP Negeri 11 ,SMP,1,1,2,2,,1,3,1
201066102001,SMP Negeri 1 ,SMP,1,1,6,32,,1,3,1
201066102003,SMP Negeri 3 ,SMP,1,,,,,7,3,
201066102016,SMP Negeri 16 ,SMP,1,,5,5,,,1,
201066102017,SMP Negeri 17 ,SMP,1,1,4,16,,1,4,1
202066102020,SMP KARTIKA XIV-1,SMP,1,,2,3,,,3,
202066102024,SMP BUDI DHARMA ,SMP,,,2,7,,1,2,
202066102026,SMP CUT MEUTIA ,SMP,1,1,2,2,,,,
201066102002,SMP Negeri 2 ,SMP,1,1,2,6,,,6,2
201066102004,SMP Negeri 4 ,SMP,1,,2,16,,,4,
201066102006,SMP Negeri 6 ,SMP,,,4,8,,,5,1
201066103009,SMP Negeri 9 ,SMP,,,2,6,,,,
201066103018,SMP Negeri 18,SMP,1,1,3,10,,,1,
202066103022,SMP METHODIST ,SMP,1,1,2,6,,1,4,
202066103023,SMP INSHAFUDDIN,SMP,1,1,6,12,,,3,
202066103025,SMP ISLAM YPUI,SMP,1,1,2,2,,,3,1
202066105029,SMP IT NURUL ISHLAH,SMP,,1,3,4,,,2,1
201066104008,SMP Negeri 8 ,SMP,1,1,3,12,,3,4,1
202066104030,SMP T.NYAK ARIF FATIH BS,SMP,1,,4,2,,1,3,1
201066109012,SMP Negeri 12 ,SMP,,1,2,2,,1,4,
202066101021,SMP MUHAMMADIYAH 1,SMP,1,2,2,12,,1,3,
201066105010,SMP Negeri 10 ,SMP,1,1,3,6,,,1,
201066106013,SMP Negeri 13 ,SMP,1,,2,13,,,1,
201066106014,SMP Negeri 14 ,SMP,,,2,12,,,1,
202066106028,SMP ISLAM IBNU KHALDUN,SMP,1,1,6,4,,,1,
201066107007,SMP Negeri 7 ,SMP,2,,2,20,,,3,
201066107019,SMP Negeri 19 ,SMP,1,1,1,8,,1,4,1
202066107029,SMP FATIH BILINGUAL SCHOOL,SMP,,1,2,3,,1,4,1
201066108015,SMP Negeri 15 ,SMP,1,1,2,6,,,2,
202066108027,SMP KEMALA BHAYANGKARI I ,SMP,1,1,1,2,,,2,
211117103002,MTSN MODEL B.ACEH,MTs,1,,4,2,,1,4,1
212117103003,MTsS DARUL ULUM ,MTs,,1,2,2,,,2,
212117104077,MTSN RUKOH B.ACEH,MTs,,1,2,4,,,2,
212117102003,MTsS DARUSSYARI`AH,MTs,,,2,4,,,1,
212117102008,MTsS MUHAMMADIYAH,MTs,1,1,2,2,,1,2,
212117104007,MTsS BABUN NAJAH,MTs,1,1,2,8,,1,3,1
212117102001,MTSN 2 BANDA ACEH,MTs,,,3,6,,,2,1
212117103005,MTsS ULUMUL QUR`AN,MTs,,1,1,16,,4,1,1
212117101003,MTsN Meuraxa,MTs,1,,6,,,1,1,
301066101001,SMA Negeri 1 ,SMA,1,1,2,5,,1,6,1
301066101006,SMA Negeri 6 ,SMA,1,1,2,10,,,3,
302066101017,SMA AL- MISHBAH,SMA,1,1,2,2,,,1,
301066102010,SMA Negeri 10 ,SMA,,1,2,10,,,5,1
302066102015,SMA MUHAMMADIYAH 1 ,SMA,1,1,2,4,,1,4,
302066102018,SMA CUT MEUTIA KOTA ,SMA,1,1,2,6,,,,1
302066102021,SMA KATOLIK,SMA,2,,4,3,,1,3,
302066102024,SMA KARTIKA XIV-1 ,SMA,1,1,2,6,,,2,1
301060103003,SMA Negeri 3 ,SMA,1,1,4,11,,4,5,
301066103002,SMA Negeri 2 ,SMA,,1,5,11,,1,7,
301066103004,SMA Negeri 4 ,SMA,1,1,2,8,,1,6,1
301066103008,SMA Negeri 8 ,SMA,1,1,4,6,,1,6,1
301066103012,SMA Negeri 12,SMA,,1,1,4,,,5,
302066103014,SMA Negeri 15 ,SMA,,,,,,1,1,
302066103016,SMA METHODIST,SMA,1,1,2,6,,1,4,1
302066103019,SMA INSHAFUDDIN ,SMA,1,1,5,8,,1,3,1
302066103020,SMA GRANADA PGRI ,SMA,1,,1,1,,,1,
302066103023,SMA SAFIATUDDIN,SMA,1,1,2,3,,1,3,
302066103024,SMA PLUS AL -ATHIYAH ,SMA,1,3,2,2,,1,1,
301066104005,SMA Negeri 5 ,SMA,1,1,2,4,,1,4,
302066104025,SMA LABORATORIUM UNSYIAH,SMA,1,1,2,30,,1,5,1
302066104030,SMA T. NYAK ARIF FATIH BS,SMA,1,,4,1,,1,5,1
301066109013,SMA Negeri 13 ,SMA,,1,2,2,,,5,
301066109014,SMA Negeri 14,SMA,,,1,2,,,,
301066106028,SMA Negeri 16 ,SMA,1,,2,7,,,3,
301066106011,SMA Negeri 11 ,SMA,1,1,2,2,,,4,
301066017007,SMA Negeri 7 ,SMA,,,3,9,,1,2,
301066107009,SMA Negeri 9 ,SMA,1,1,4,4,,,3,1
302066107026,SMA FATIH BILINGUAL SCHOOL,SMA,,1,2,3,,,4,1
302066107022,SMA TEUKU NYAK ARIEF,SMA,1,,2,2,,,2,
311117103002,MAN 1 Banda Aceh ,MA,1,,2,5,,,4,1
312117103004,MAS  Darul Ulum,MA,1,,2,2,,,5,
311117104003,MAN Rukoh,MA,1,,2,2,,1,7,1
312117102003,MAS Darussyari'Ah,MA,1,1,2,3,,,2,1
312117104014,MAS Babun Najah,MA,1,2,2,16,,1,3,1
131211713006,MAS Al-Ishlah Al-Aziziyah,MA,1,1,2,2,,,1,
312117103005,MAS Ulumul Qur`An,MA,1,2,2,8,,,2,
311117101001,MAN 2 Banda Aceh,MA,1,,2,4,,1,2,1
302066102007,SMK FARMASI CUT MEUTIA ,SMK,,1,2,1,,,1,
302066102008,SMK KESEHATAN ASSYIFA ,SMK,,2,2,4,,,,
321066102001,SMK MUHAMMADIYAH I ,SMK,1,1,1,1,,,2,
301066103005,SMK Negeri 5 TELKOM,SMK,,,2,6,,,3,
571066102058,SMK Negeri 4 ,SMK,,1,2,1,,,2,
321066102001,SMK Negeri 2 ,SMK,,2,12,23,,,6,1
331066107003,SMK Negeri 3 ,SMK,,1,2,9,,,4,
341066102001,SMK Negeri 1 ,SMK,,1,2,12,,2,7,
